DATAFLOW,FREQ: Frequency,TIME_PERIOD: Time,GEO_PICT: Pacific Island Countries and territories,DRILLDOWN: Drilldown level,UNIT_ID: Unit identifier,INDICATOR: Indicator,OBS_VALUE,UNIT_MEASURE: Unit of measure,UNIT_MULT: Unit multiplier,OBS_STATUS: Observation Status,DATA_SOURCE: Data source,OBS_COMMENT: Comment,FACNAME: Facility name,FACTYPE: Facility type,LATITUDE: Latitude,LONGITUDE: Longitude,HEALTHSTAFF: Health staff,DOCTORS: Doctors,MIDW: Midwives,NURSES: Nurses,NURSEAIDS: Nurse aides,PHARMAOT: Pharmacy officer techician,PHARMACIST: Pharmacist,MICROSCOPIST: Microscopist,OTHERHS: Other health staff,CATCHPOP: Catchment population,VACC: Vaccination,NEWBORN: Newborn care,STI: STI treatment,TB: Tuberculosis treatment,MALARIA: Malaria treatment,XRAY: X-ray machine,BEDS: Inpatient beds
SPC:DF_HEALTH_FACILITIES(1.0),A: Annual,2021,KI-1: Banaba,DD: Drilldown,ID000273: ID000273,NFAC: Number of facilities,1,N: units,,,,,Banaba H/C,Community health centre,-0.861404,169.539879,4,0,1,2,1,0,0,0,0,,As required,Yes,Yes,Yes,No,No,
SPC:DF_HEALTH_FACILITIES(1.0),A: Annual,2021,KI-10: Kuria,DD: Drilldown,ID000286: ID000286,NFAC: Number of facilities,1,N: units,,,,,Oneeke,Clinic,0.250909,173.393846,3,0,1,1,1,0,0,0,0,224,Monthly,Yes,Yes,Yes,No,No,1
SPC:DF_HEALTH_FACILITIES(1.0),A: Annual,2021,KI-10: Kuria,DD: Drilldown,ID000285: ID000285,NFAC: Number of facilities,1,N: units,,,,,Kuria H/C,Community health centre,0.217789,173.413902,3,0,1,1,1,0,0,0,0,,Monthly,Yes,Yes,No,No,No,
SPC:DF_HEALTH_FACILITIES(1.0),A: Annual,2021,KI-11: Aranuka,DD: Drilldown,ID000270: ID000270,NFAC: Number of facilities,1,N: units,,,,,Baurua,Clinic,0.125974,173.616025,,,,,,,,,,,,,,,,,
SPC:DF_HEALTH_FACILITIES(1.0),A: Annual,2021,KI-11: Aranuka,DD: Drilldown,ID000271: ID000271,NFAC: Number of facilities,1,N: units,,,,,Takaeang,Clinic,0.1719691,173.5603594,,,,,,,,,,,,,,,,,
SPC:DF_HEALTH_FACILITIES(1.0),A: Annual,2021,KI-11: Aranuka,DD: Drilldown,ID000269: ID000269,NFAC: Number of facilities,1,N: units,,,,,Aranuka Buariki H/C,Community health centre,0.180174,173.633826,2,0,1,1,,0,,,0,,,,,,,,
SPC:DF_HEALTH_FACILITIES(1.0),A: Annual,2021,KI-12: Nonouti,DD: Drilldown,ID000313: ID000313,NFAC: Number of facilities,1,N: units,,,,,Teuabu,Clinic,-0.578928,174.346323,2,0,0,1,1,0,0,0,0,,,,,,,,
SPC:DF_HEALTH_FACILITIES(1.0),A: Annual,2021,KI-12: Nonouti,DD: Drilldown,ID000305: ID000305,NFAC: Number of facilities,1,N: units,,,,,Abamakoro,Clinic,-0.5462249,174.2476923,3,0,1,1,1,0,0,0,0,,,,,,,,
SPC:DF_HEALTH_FACILITIES(1.0),A: Annual,2021,KI-12: Nonouti,DD: Drilldown,ID000311: ID000311,NFAC: Number of facilities,1,N: units,,,,,Temanoku,Clinic,-0.5993667,174.3791486,2,0,0,1,1,0,0,0,0,,,,,,,,
SPC:DF_HEALTH_FACILITIES(1.0),A: Annual,2021,KI-12: Nonouti,DD: Drilldown,ID000307: ID000307,NFAC: Number of facilities,1,N: units,,,,,Tebobonga ,Community health centre,-0.68536,174.453051,6,0,2,2,2,0,0,0,0,,,,,,,,
SPC:DF_HEALTH_FACILITIES(1.0),A: Annual,2021,KI-12: Nonouti,DD: Drilldown,ID000306: ID000306,NFAC: Number of facilities,1,N: units,,,,,Mataboou,Clinic,-0.568325,174.311374,2,0,0,1,1,0,0,0,0,,,,,,,,
SPC:DF_HEALTH_FACILITIES(1.0),A: Annual,2021,KI-12: Nonouti,DD: Drilldown,ID000308: ID000308,NFAC: Number of facilities,1,N: units,,,,,Rotimwa (Rotuma),Clinic,-0.628951,174.410763,3,0,0,1,2,0,0,0,0,,,,,,,,
SPC:DF_HEALTH_FACILITIES(1.0),A: Annual,2021,KI-12: Nonouti,DD: Drilldown,ID000310: ID000310,NFAC: Number of facilities,1,N: units,,,,,Taboiaki,Clinic,-0.7724219,174.4711358,2,0,0,1,1,0,0,0,0,,,,,,,,
SPC:DF_HEALTH_FACILITIES(1.0),A: Annual,2021,KI-12: Nonouti,DD: Drilldown,ID000312: ID000312,NFAC: Number of facilities,1,N: units,,,,,Temotu,Clinic,-0.803705,174.451861,2,0,0,1,1,0,0,0,0,,Monthly,Yes,No,Yes,No,No,2
SPC:DF_HEALTH_FACILITIES(1.0),A: Annual,2021,KI-12: Nonouti,DD: Drilldown,ID000309: ID000309,NFAC: Number of facilities,1,N: units,,,,,Tabiang ,Clinic,-0.752321,174.464142,3,0,0,1,2,0,0,0,0,230,,,,,,,
SPC:DF_HEALTH_FACILITIES(1.0),A: Annual,2021,KI-13: Tabiteuea.Nth,DD: Drilldown,ID000322: ID000322,NFAC: Number of facilities,1,N: units,,,,,Southern Kiribati Hospital,Hospital,-1.215168067,174.7644745,22,4,3,12,1,1,0,1,0,11500,,Yes,Yes,No,No,Yes,19
SPC:DF_HEALTH_FACILITIES(1.0),A: Annual,2021,KI-13: Tabiteuea.Nth,DD: Drilldown,ID000326: ID000326,NFAC: Number of facilities,1,N: units,,,,,Tekaman,Clinic,-1.1329333,174.664565,,,,,,,,,,,,,,,,,
SPC:DF_HEALTH_FACILITIES(1.0),A: Annual,2021,KI-13: Tabiteuea.Nth,DD: Drilldown,ID000327: ID000327,NFAC: Number of facilities,1,N: units,,,,,Tenatorua,Clinic,-1.341261386,174.8510967,4,0,1,1,2,0,0,0,0,158,Monthly,Yes,No,No,No,No,1
SPC:DF_HEALTH_FACILITIES(1.0),A: Annual,2021,KI-13: Tabiteuea.Nth,DD: Drilldown,ID000321: ID000321,NFAC: Number of facilities,1,N: units,,,,,Kabuna,Clinic,-1.286085009,174.8000827,2,0,0,1,1,0,0,0,0,215,Monthly,Yes,No,Yes,No,No,0
SPC:DF_HEALTH_FACILITIES(1.0),A: Annual,2021,KI-13: Tabiteuea.Nth,DD: Drilldown,ID000324: ID000324,NFAC: Number of facilities,1,N: units,,,,,Tauma,Clinic,-1.236464429,174.7831642,2,0,0,1,1,0,0,0,0,250,Monthly,No,No,No,No,No,0
SPC:DF_HEALTH_FACILITIES(1.0),A: Annual,2021,KI-13: Tabiteuea.Nth,DD: Drilldown,ID000323: ID000323,NFAC: Number of facilities,1,N: units,,,,,Tanaeang,Clinic,-1.135132735,174.6700853,2,0,0,1,1,0,0,0,0,1400,,Yes,No,No,No,No,0
SPC:DF_HEALTH_FACILITIES(1.0),A: Annual,2021,KI-13: Tabiteuea.Nth,DD: Drilldown,ID000320: ID000320,NFAC: Number of facilities,1,N: units,,,,,Buota,Clinic,-1.160501084,174.7124349,3,0,0,1,2,0,0,0,0,678,Monthly,No,Yes,Yes,No,No,0
SPC:DF_HEALTH_FACILITIES(1.0),A: Annual,2021,KI-13: Tabiteuea.Nth,DD: Drilldown,ID000325: ID000325,NFAC: Number of facilities,1,N: units,,,,,Tekabuibui,Clinic,-1.116402289,174.6651912,2,0,0,1,1,0,0,0,0,100,Monthly,Yes,No,Yes,No,No,
SPC:DF_HEALTH_FACILITIES(1.0),A: Annual,2021,KI-13: Tabiteuea.Nth,DD: Drilldown,ID000319: ID000319,NFAC: Number of facilities,1,N: units,,,,,Aiwa,Clinic,-1.387826885,174.9020356,2,0,0,1,1,0,0,0,0,130,Monthly,Yes,Yes,Yes,No,No,1
SPC:DF_HEALTH_FACILITIES(1.0),A: Annual,2021,KI-13: Tabiteuea.Nth,DD: Drilldown,ID000328: ID000328,NFAC: Number of facilities,1,N: units,,,,,Utiroa H/C,Community health centre,-1.199793588,174.7460112,3,0,0,1,2,0,0,0,0,2337,Monthly,No,No,Yes,No,No,0
SPC:DF_HEALTH_FACILITIES(1.0),A: Annual,2021,KI-14: Tabiteuea.Sth,DD: Drilldown,ID000331: ID000331,NFAC: Number of facilities,1,N: units,,,,,Tewai,Clinic,-1.442072,175.0145317,5,0,0,1,3,0,0,0,1,419,Monthly,No,No,No,No,No,2
SPC:DF_HEALTH_FACILITIES(1.0),A: Annual,2021,KI-14: Tabiteuea.Sth,DD: Drilldown,ID000330: ID000330,NFAC: Number of facilities,1,N: units,,,,,Takuu,Clinic,-1.525218809,175.0655845,4,0,1,1,1,0,0,0,1,126,Monthly,Yes,No,Yes,No,No,0
SPC:DF_HEALTH_FACILITIES(1.0),A: Annual,2021,KI-14: Tabiteuea.Sth,DD: Drilldown,ID000329: ID000329,NFAC: Number of facilities,1,N: units,,,,,Tab South Buariki H/C,Community health centre,-1.47048502,175.0528265,7,0,1,1,4,0,0,0,1,843,Monthly,Yes,No,Yes,No,No,3
SPC:DF_HEALTH_FACILITIES(1.0),A: Annual,2021,KI-15: Beru,DD: Drilldown,ID000276: ID000276,NFAC: Number of facilities,1,N: units,,,,,Namon,Clinic,-1.30194512,175.98026,2,0,0,0,2,0,0,0,0,847,As required,Yes,No,No,No,No,3
SPC:DF_HEALTH_FACILITIES(1.0),A: Annual,2021,KI-15: Beru,DD: Drilldown,ID000274: ID000274,NFAC: Number of facilities,1,N: units,,,,,Aonnati,Clinic,-1.29072773,175.9645272,3,0,0,1,2,0,0,0,0,574,As required,Yes,Yes,No,No,No,3
SPC:DF_HEALTH_FACILITIES(1.0),A: Annual,2021,KI-15: Beru,DD: Drilldown,ID000275: ID000275,NFAC: Number of facilities,1,N: units,,,,,Beru Temaraa HC,Community health centre,-1.3456,175.989117,6,0,1,2,3,0,0,0,0,717,As required,Yes,Yes,Yes,No,No,5
SPC:DF_HEALTH_FACILITIES(1.0),A: Annual,2021,KI-16: Nikunau,DD: Drilldown,ID000303: ID000303,NFAC: Number of facilities,1,N: units,,,,,Nikumatang,Clinic,-1.38739,176.475428,4,0,0,1,3,0,0,0,0,412,Monthly,Yes,No,No,No,No,4
SPC:DF_HEALTH_FACILITIES(1.0),A: Annual,2021,KI-16: Nikunau,DD: Drilldown,ID000302: ID000302,NFAC: Number of facilities,1,N: units,,,,,Muritoa,Clinic,-1.327553988,176.4197284,3,0,0,1,2,0,0,0,0,338,Monthly,Yes,No,No,No,No,4
SPC:DF_HEALTH_FACILITIES(1.0),A: Annual,2021,KI-16: Nikunau,DD: Drilldown,ID000304: ID000304,NFAC: Number of facilities,1,N: units,,,,,Nikunau Manrunga HC,Community health centre,-1.3479598,176.4408603,5,0,1,1,3,0,0,0,0,1003,Monthly,Yes,Yes,Yes,No,No,0
SPC:DF_HEALTH_FACILITIES(1.0),A: Annual,2021,KI-17: Onotoa,DD: Drilldown,ID000314: ID000314,NFAC: Number of facilities,1,N: units,,,,,Aiaki,Clinic,-1.88722222,175.6130556,3,0,0,1,2,0,0,0,0,241,As required,Yes,Yes,Yes,No,No,2
SPC:DF_HEALTH_FACILITIES(1.0),A: Annual,2021,KI-17: Onotoa,DD: Drilldown,ID000315: ID000315,NFAC: Number of facilities,1,N: units,,,,,Onotoa Buraitan H/C,Community health centre,-1.82550203,175.5535454,5,0,1,1,3,0,0,0,0,475,As required,Yes,Yes,Yes,No,No,4
SPC:DF_HEALTH_FACILITIES(1.0),A: Annual,2021,KI-17: Onotoa,DD: Drilldown,ID000318: ID000318,NFAC: Number of facilities,1,N: units,,,,,Tekatana,Clinic,-1.80535185,175.5331663,2,0,0,1,1,0,0,0,0,374,As required,Yes,Yes,Yes,No,No,4
SPC:DF_HEALTH_FACILITIES(1.0),A: Annual,2021,KI-17: Onotoa,DD: Drilldown,ID000316: ID000316,NFAC: Number of facilities,1,N: units,,,,,Otowae,Clinic,-1.86766987,175.578603,2,0,0,1,1,0,0,0,0,164,As required,Yes,Yes,Yes,,No,2
SPC:DF_HEALTH_FACILITIES(1.0),A: Annual,2021,KI-17: Onotoa,DD: Drilldown,ID000317: ID000317,NFAC: Number of facilities,1,N: units,,,,,Tabuarorae,Clinic,-1.94699841,175.5694696,3,0,0,1,2,0,0,0,0,233,Monthly,Yes,Yes,Yes,No,No,2
SPC:DF_HEALTH_FACILITIES(1.0),A: Annual,2021,KI-18: Tamana,DD: Drilldown,ID000332: ID000332,NFAC: Number of facilities,1,N: units,,,,,Tamana Motoia HC,Community health centre,-2.4969081,175.9854682,6,0,1,2,3,0,0,0,0,,As required,Yes,Yes,Yes,No,No,
SPC:DF_HEALTH_FACILITIES(1.0),A: Annual,2021,KI-19: Arorae,DD: Drilldown,ID000272: ID000272,NFAC: Number of facilities,1,N: units,,,,,Arorae HC,Community health centre,-2.644052,176.826451,5,0,1,2,2,0,0,0,0,1015,As required,Yes,Yes,Yes,No,No,6
SPC:DF_HEALTH_FACILITIES(1.0),A: Annual,2021,KI-2: Makin,DD: Drilldown,ID000294: ID000294,NFAC: Number of facilities,1,N: units,,,,,Anrawa,Clinic,3.37498643,172.9780856,2,0,0,1,1,0,0,0,0,500,Weekly,Yes,Yes,Yes,No,No,3
SPC:DF_HEALTH_FACILITIES(1.0),A: Annual,2021,KI-2: Makin,DD: Drilldown,ID000296: ID000296,NFAC: Number of facilities,1,N: units,,,,,Mwakin H/C,Community health centre,3.362519019,172.983466,4,0,1,1,2,0,0,0,0,826,Monthly,Yes,Yes,Yes,No,No,4
SPC:DF_HEALTH_FACILITIES(1.0),A: Annual,2021,KI-2: Makin,DD: Drilldown,ID000295: ID000295,NFAC: Number of facilities,1,N: units,,,,,Kiebu,Clinic,3.322376073,172.9753017,3,0,1,1,1,0,0,0,0,350,Monthly,Yes,Yes,Yes,No,No,2
SPC:DF_HEALTH_FACILITIES(1.0),A: Annual,2021,KI-20: Teeraina,DD: Drilldown,ID000368: ID000368,NFAC: Number of facilities,1,N: units,,,,,Teraina Arabwata H/C,Community health centre,3.855145,-159.36273,,,,,,,,,,,,,,,,,
SPC:DF_HEALTH_FACILITIES(1.0),A: Annual,2021,KI-21: Tabuaeran,DD: Drilldown,ID000365: ID000365,NFAC: Number of facilities,1,N: units,,,,,Aramari,Clinic,3.8136574,-159.3108601,4,0,0,1,3,0,0,0,0,,,,,,,,
SPC:DF_HEALTH_FACILITIES(1.0),A: Annual,2021,KI-21: Tabuaeran,DD: Drilldown,ID000367: ID000367,NFAC: Number of facilities,1,N: units,,,,,Tabuaeran Paelau H/C,Community health centre,3.855204,-159.35897,4,0,1,1,2,0,0,0,0,1900,,,,,,,
SPC:DF_HEALTH_FACILITIES(1.0),A: Annual,2021,KI-21: Tabuaeran,DD: Drilldown,ID000366: ID000366,NFAC: Number of facilities,1,N: units,,,,,Napali,Clinic,3.904153,-159.387968,4,0,1,1,2,0,0,0,0,,,,,,,,
SPC:DF_HEALTH_FACILITIES(1.0),A: Annual,2021,KI-22: Kiritimati,DD: Drilldown,ID000362: ID000362,NFAC: Number of facilities,1,N: units,,,,,London Dispensary,Clinic,1.981791998,-157.4729193,2,0,0,1,1,0,0,0,0,1787,Weekly,No,Yes,No,No,No,0
SPC:DF_HEALTH_FACILITIES(1.0),A: Annual,2021,KI-22: Kiritimati,DD: Drilldown,ID000361: ID000361,NFAC: Number of facilities,1,N: units,,,,,London Kiritimati ,Hospital,1.988241873,-157.4714301,26,3,5,9,0,1,0,1,7,6435,As required,Yes,Yes,Yes,Yes,Yes,15
SPC:DF_HEALTH_FACILITIES(1.0),A: Annual,2021,KI-22: Kiritimati,DD: Drilldown,ID000360: ID000360,NFAC: Number of facilities,1,N: units,,,,,Banana clinic,Clinic,1.98137722,-157.3587956,2,0,0,1,1,0,0,0,0,1178,Monthly,No,Yes,Yes,No,No,0
SPC:DF_HEALTH_FACILITIES(1.0),A: Annual,2021,KI-22: Kiritimati,DD: Drilldown,ID000364: ID000364,NFAC: Number of facilities,1,N: units,,,,,Tabwakea clinic,Clinic,2.018195316,-157.4854916,2,0,0,1,1,0,0,0,0,3128,Weekly,No,Yes,Yes,No,No,0
SPC:DF_HEALTH_FACILITIES(1.0),A: Annual,2021,KI-22: Kiritimati,DD: Drilldown,ID000363: ID000363,NFAC: Number of facilities,1,N: units,,,,,Poland clinic,Clinic,1.865704902,-157.5518913,2,0,0,1,1,0,0,0,0,349,Weekly,Yes,Yes,Yes,No,No,0
SPC:DF_HEALTH_FACILITIES(1.0),A: Annual,2021,KI-23: Kanton,DD: Drilldown,ID000369: ID000369,NFAC: Number of facilities,1,N: units,,,,,Canton H/C,Community health centre,-2.775811,-171.717936,,,,,,,,,,,,,,,,,
SPC:DF_HEALTH_FACILITIES(1.0),A: Annual,2021,KI-3: Butaritari,DD: Drilldown,ID000282: ID000282,NFAC: Number of facilities,1,N: units,,,,,Tanimaiaki,Clinic,3.10102,172.878255,2,0,0,1,1,0,0,0,0,420,,,,,,,
SPC:DF_HEALTH_FACILITIES(1.0),A: Annual,2021,KI-3: Butaritari,DD: Drilldown,ID000278: ID000278,NFAC: Number of facilities,1,N: units,,,,,Butaritari H/C,Community health centre,3.07278075,172.7925446,5,0,1,1,3,0,0,0,0,3500,As required,Yes,Yes,Yes,No,No,6
SPC:DF_HEALTH_FACILITIES(1.0),A: Annual,2021,KI-3: Butaritari,DD: Drilldown,ID000283: ID000283,NFAC: Number of facilities,1,N: units,,,,,Tekananuea,Clinic,3.088629982,172.8149816,3,0,0,1,2,0,0,0,0,420,Monthly,Yes,Yes,Yes,No,No,3
SPC:DF_HEALTH_FACILITIES(1.0),A: Annual,2021,KI-3: Butaritari,DD: Drilldown,ID000281: ID000281,NFAC: Number of facilities,1,N: units,,,,,Nakiroro,Clinic,3.10438848,172.8917674,1,0,0,0,1,0,0,0,0,246,As required,Yes,No,Yes,No,No,0
SPC:DF_HEALTH_FACILITIES(1.0),A: Annual,2021,KI-3: Butaritari,DD: Drilldown,ID000277: ID000277,NFAC: Number of facilities,1,N: units,,,,,Bikaati,Clinic,3.259157077,172.6873005,2,0,0,1,1,0,0,0,0,252,As required,Yes,Yes,Yes,No,No,1
SPC:DF_HEALTH_FACILITIES(1.0),A: Annual,2021,KI-3: Butaritari,DD: Drilldown,ID000279: ID000279,NFAC: Number of facilities,1,N: units,,,,,Keuea,Clinic,3.13462506,172.9072677,1,0,0,0,1,0,0,0,0,214,As required,Yes,No,Yes,No,No,2
SPC:DF_HEALTH_FACILITIES(1.0),A: Annual,2021,KI-3: Butaritari,DD: Drilldown,ID000280: ID000280,NFAC: Number of facilities,1,N: units,,,,,Kuma,Clinic,3.17506623,172.9627444,4,0,1,1,2,0,0,0,0,345,Monthly,Yes,No,Yes,No,No,0
SPC:DF_HEALTH_FACILITIES(1.0),A: Annual,2021,KI-3: Butaritari,DD: Drilldown,ID000284: ID000284,NFAC: Number of facilities,1,N: units,,,,,Ukiangang,Clinic,3.05215224,172.7635989,4,0,0,1,2,0,0,0,1,690,Monthly,Yes,No,No,No,No,1
SPC:DF_HEALTH_FACILITIES(1.0),A: Annual,2021,KI-3: Butaritari,DD: Drilldown,ID000478: ID000478,NFAC: Number of facilities,1,N: units,,,,,Kuma,Clinic,-9.81386294,160.1563795,4,0,1,1,1,0,0,1,0,,Weekly,Yes,Yes,No,Yes,No,2
SPC:DF_HEALTH_FACILITIES(1.0),A: Annual,2021,KI-4: Marakei,DD: Drilldown,ID000299: ID000299,NFAC: Number of facilities,1,N: units,,,,,Raweai,Clinic,2.015363,173.260853,2,0,0,1,1,0,0,0,0,252,As required,Yes,Yes,No,No,No,3
SPC:DF_HEALTH_FACILITIES(1.0),A: Annual,2021,KI-4: Marakei,DD: Drilldown,ID000300: ID000300,NFAC: Number of facilities,1,N: units,,,,,Tekarakan,Clinic,1.996185,173.252498,2,0,0,1,1,0,0,0,0,385,As required,Yes,Yes,Yes,No,No,3
SPC:DF_HEALTH_FACILITIES(1.0),A: Annual,2021,KI-4: Marakei,DD: Drilldown,ID000301: ID000301,NFAC: Number of facilities,1,N: units,,,,,Terawarawa,Clinic,2.043605,173.2661553,3,0,0,1,2,0,0,0,0,354,As required,Yes,Yes,Yes,No,No,3
SPC:DF_HEALTH_FACILITIES(1.0),A: Annual,2021,KI-4: Marakei,DD: Drilldown,ID000297: ID000297,NFAC: Number of facilities,1,N: units,,,,,Bainuea,Clinic,1.996445,173.296571,2,0,0,0,2,0,0,0,0,677,As required,Yes,Yes,Yes,No,No,2
SPC:DF_HEALTH_FACILITIES(1.0),A: Annual,2021,KI-4: Marakei,DD: Drilldown,ID000298: ID000298,NFAC: Number of facilities,1,N: units,,,,,Rawannawi H/C,Community health centre,2.046995,173.26015,5,0,1,1,3,0,0,0,0,995,As required,Yes,Yes,Yes,No,No,3
SPC:DF_HEALTH_FACILITIES(1.0),A: Annual,2021,KI-5: Abaiang,DD: Drilldown,ID000258: ID000258,NFAC: Number of facilities,1,N: units,,,,,Toonga,Clinic,1.906266297,172.9594708,3,0,0,1,2,0,0,0,0,739,Weekly,Yes,Yes,No,No,No,4
SPC:DF_HEALTH_FACILITIES(1.0),A: Annual,2021,KI-5: Abaiang,DD: Drilldown,ID000254: ID000254,NFAC: Number of facilities,1,N: units,,,,,Riboono,Clinic,1.964047562,172.8667089,3,0,1,1,1,0,0,0,0,414,As required,Yes,No,Yes,No,No,2
SPC:DF_HEALTH_FACILITIES(1.0),A: Annual,2021,KI-5: Abaiang,DD: Drilldown,ID000251: ID000251,NFAC: Number of facilities,1,N: units,,,,,Abaiang Taburao H/C,Community health centre,1.818635365,173.0238219,5,0,1,2,2,0,0,0,0,654,As required,Yes,No,Yes,No,No,3
SPC:DF_HEALTH_FACILITIES(1.0),A: Annual,2021,KI-5: Abaiang,DD: Drilldown,ID000253: ID000253,NFAC: Number of facilities,1,N: units,,,,,Nuotaea,Clinic,1.88647192,172.8056146,3,0,1,1,1,0,0,0,0,405,As required,Yes,No,Yes,No,No,2
SPC:DF_HEALTH_FACILITIES(1.0),A: Annual,2021,KI-5: Abaiang,DD: Drilldown,ID000252: ID000252,NFAC: Number of facilities,1,N: units,,,,,Koinawa,Clinic,1.863668443,172.9909246,3,0,0,1,2,0,0,0,0,1079,Monthly,Yes,Yes,Yes,No,No,3
SPC:DF_HEALTH_FACILITIES(1.0),A: Annual,2021,KI-5: Abaiang,DD: Drilldown,ID000260: ID000260,NFAC: Number of facilities,1,N: units,,,,,Ubwarano,Clinic,1.945696605,172.9209326,3,0,0,1,2,0,0,0,0,468,Monthly,Yes,Yes,Yes,No,No,4
SPC:DF_HEALTH_FACILITIES(1.0),A: Annual,2021,KI-5: Abaiang,DD: Drilldown,ID000255: ID000255,NFAC: Number of facilities,1,N: units,,,,,Taniau,Clinic,1.714448838,173.0024309,3,0,0,1,2,0,0,0,0,656,Monthly,Yes,No,No,No,No,4
SPC:DF_HEALTH_FACILITIES(1.0),A: Annual,2021,KI-5: Abaiang,DD: Drilldown,ID000256: ID000256,NFAC: Number of facilities,1,N: units,,,,,Tanimaiaki,Clinic,1.745846277,173.0380552,2,0,0,1,1,0,0,0,0,600,As required,No,No,Yes,No,No,3
SPC:DF_HEALTH_FACILITIES(1.0),A: Annual,2021,KI-5: Abaiang,DD: Drilldown,ID000259: ID000259,NFAC: Number of facilities,1,N: units,,,,,Tuarabu,Clinic,1.796636203,173.0438798,2,0,0,1,1,0,0,0,0,1039,As required,Yes,No,Yes,No,No,2
SPC:DF_HEALTH_FACILITIES(1.0),A: Annual,2021,KI-6: Nth.Tarawa,DD: Drilldown,ID000339: ID000339,NFAC: Number of facilities,1,N: units,,,,,Taratai,Clinic,1.548752769,172.9940264,2,0,0,1,1,0,0,0,0,206,As required,Yes,No,No,No,No,0
SPC:DF_HEALTH_FACILITIES(1.0),A: Annual,2021,KI-6: Nth.Tarawa,DD: Drilldown,ID000340: ID000340,NFAC: Number of facilities,1,N: units,,,,,Tearinibai,Clinic,1.589533398,172.9707859,2,0,0,1,1,0,0,0,0,318,Other,Yes,No,No,No,No,0
SPC:DF_HEALTH_FACILITIES(1.0),A: Annual,2021,KI-6: Nth.Tarawa,DD: Drilldown,ID000337: ID000337,NFAC: Number of facilities,1,N: units,,,,,Tabiteuea,Clinic,1.42479451,173.0985045,3,0,0,1,2,0,0,0,0,961,Weekly,Yes,Yes,No,No,No,0
SPC:DF_HEALTH_FACILITIES(1.0),A: Annual,2021,KI-6: Nth.Tarawa,DD: Drilldown,ID000333: ID000333,NFAC: Number of facilities,1,N: units,,,,,Abaokoro H/C,Community health centre,1.50078186,173.0154648,2,0,0,1,1,0,0,0,0,4407,As required,Yes,Yes,No,No,No,3
SPC:DF_HEALTH_FACILITIES(1.0),A: Annual,2021,KI-6: Nth.Tarawa,DD: Drilldown,ID000334: ID000334,NFAC: Number of facilities,1,N: units,,,,,Buariki,Clinic,1.61091974,172.9541279,2,0,0,1,1,0,0,0,0,669,As required,Yes,Yes,Yes,No,No,0
SPC:DF_HEALTH_FACILITIES(1.0),A: Annual,2021,KI-6: Nth.Tarawa,DD: Drilldown,ID000335: ID000335,NFAC: Number of facilities,1,N: units,,,,,Nabeina,Clinic,1.43704256,173.0796366,3,0,0,1,2,0,0,0,0,656,As required,Yes,No,No,No,No,
SPC:DF_HEALTH_FACILITIES(1.0),A: Annual,2021,KI-7: Sth.Tarawa,DD: Drilldown,ID000344: ID000344,NFAC: Number of facilities,1,N: units,,,,,Betio Hospital,Hospital,1.35795845,172.9264038,18,2,1,12,0,1,0,1,1,15000,As required,Yes,Yes,Yes,Yes,No,20
SPC:DF_HEALTH_FACILITIES(1.0),A: Annual,2021,KI-7: Sth.Tarawa,DD: Drilldown,ID000348: ID000348,NFAC: Number of facilities,1,N: units,,,,,Bonriki East,Clinic,1.38010476,173.1529817,1,,,1,,,,,,1584,,,,,,,
SPC:DF_HEALTH_FACILITIES(1.0),A: Annual,2021,KI-7: Sth.Tarawa,DD: Drilldown,ID000352: ID000352,NFAC: Number of facilities,1,N: units,,,,,KHFA,Clinic,1.3377624,173.0211681,,,,,,,,,,,,,,,,,
SPC:DF_HEALTH_FACILITIES(1.0),A: Annual,2021,KI-7: Sth.Tarawa,DD: Drilldown,ID000353: ID000353,NFAC: Number of facilities,1,N: units,,,,,Nanikai clinic,Clinic,1.33012139,172.9977389,2,0,0,1,1,0,0,0,0,1189,Weekly,No,Yes,No,No,No,0
SPC:DF_HEALTH_FACILITIES(1.0),A: Annual,2021,KI-7: Sth.Tarawa,DD: Drilldown,ID000347: ID000347,NFAC: Number of facilities,1,N: units,,,,,Bonriki clinic,Clinic,1.3814614,173.1402935,3,0,1,1,1,0,0,0,0,5144,As required,No,Yes,No,No,No,0
SPC:DF_HEALTH_FACILITIES(1.0),A: Annual,2021,KI-7: Sth.Tarawa,DD: Drilldown,ID000351: ID000351,NFAC: Number of facilities,1,N: units,,,,,Eita clinic,Clinic,1.359144865,173.0702878,7,0,1,3,3,0,0,0,0,5000,Weekly,No,Yes,No,No,No,0
SPC:DF_HEALTH_FACILITIES(1.0),A: Annual,2021,KI-7: Sth.Tarawa,DD: Drilldown,ID000350: ID000350,NFAC: Number of facilities,1,N: units,,,,,Bwentekota,Clinic,1.3736822,173.1496562,,,,,,,,,,,,,,,,,
SPC:DF_HEALTH_FACILITIES(1.0),A: Annual,2021,KI-7: Sth.Tarawa,DD: Drilldown,ID000342: ID000342,NFAC: Number of facilities,1,N: units,,,,,Bairiki clinic,Clinic,1.32989032,172.9781291,11,0,2,7,2,0,0,0,0,3207,As required,No,Yes,No,No,No,
SPC:DF_HEALTH_FACILITIES(1.0),A: Annual,2021,KI-7: Sth.Tarawa,DD: Drilldown,ID000359: ID000359,NFAC: Number of facilities,1,N: units,,,,,Tungaru Central Hospital,Hospital,1.36303498,173.1398851,13,2,0,5,0,2,4,0,0,110000,,Yes,Yes,Yes,Yes,Yes,139
SPC:DF_HEALTH_FACILITIES(1.0),A: Annual,2021,KI-7: Sth.Tarawa,DD: Drilldown,ID000354: ID000354,NFAC: Number of facilities,1,N: units,,,,,Takoronga clinic,Clinic,1.3548866,172.9367208,5,0,1,3,1,0,0,0,0,4856,Other,No,Yes,No,No,No,0
SPC:DF_HEALTH_FACILITIES(1.0),A: Annual,2021,KI-7: Sth.Tarawa,DD: Drilldown,ID000346: ID000346,NFAC: Number of facilities,1,N: units,,,,,Bikenibeu West clinic,Clinic,1.36290701,173.1122001,5,0,1,2,2,0,0,0,0,3173,Weekly,No,Yes,No,No,No,0
SPC:DF_HEALTH_FACILITIES(1.0),A: Annual,2021,KI-7: Sth.Tarawa,DD: Drilldown,ID000343: ID000343,NFAC: Number of facilities,1,N: units,,,,,Banraeaba clinic,Clinic,1.344715867,173.0324028,6,0,1,3,2,0,0,0,0,4000,Weekly,No,Yes,No,No,No,0
SPC:DF_HEALTH_FACILITIES(1.0),A: Annual,2021,KI-7: Sth.Tarawa,DD: Drilldown,ID000345: ID000345,NFAC: Number of facilities,1,N: units,,,,,Bikenibeu East clinic,Clinic,1.36712903,173.1257306,6,0,1,3,2,0,0,0,0,3835,Monthly,No,Yes,Yes,No,No,0
SPC:DF_HEALTH_FACILITIES(1.0),A: Annual,2021,KI-7: Sth.Tarawa,DD: Drilldown,ID000341: ID000341,NFAC: Number of facilities,1,N: units,,,,,Ambo clinic,Clinic,1.35502473,173.0424445,3,0,1,1,1,0,0,0,0,2068,Weekly,No,No,No,No,No,0
SPC:DF_HEALTH_FACILITIES(1.0),A: Annual,2021,KI-7: Sth.Tarawa,DD: Drilldown,ID000358: ID000358,NFAC: Number of facilities,1,N: units,,,,,Temanoku clinic,Clinic,1.35788025,172.9269094,4,0,0,4,0,0,0,0,0,4760,Weekly,No,Yes,No,No,No,0
SPC:DF_HEALTH_FACILITIES(1.0),A: Annual,2021,KI-7: Sth.Tarawa,DD: Drilldown,ID000355: ID000355,NFAC: Number of facilities,1,N: units,,,,,Teaoraereke clinic,Clinic,1.33482681,173.0136205,5,0,0,3,2,0,0,0,0,4643,Weekly,No,Yes,No,No,No,0
SPC:DF_HEALTH_FACILITIES(1.0),A: Annual,2021,KI-7: Sth.Tarawa,DD: Drilldown,ID000356: ID000356,NFAC: Number of facilities,1,N: units,,,,,Temaiku clinic,Clinic,1.36494129,173.1586495,6,0,0,3,3,0,0,0,0,1615,,,,,,,0
SPC:DF_HEALTH_FACILITIES(1.0),A: Annual,2021,KI-7: Sth.Tarawa,DD: Drilldown,ID000357: ID000357,NFAC: Number of facilities,1,N: units,,,,,Temakin clinic,Clinic,1.356432458,172.9213287,5,0,0,4,1,0,0,0,0,6537,Other,No,Yes,No,No,No,0
SPC:DF_HEALTH_FACILITIES(1.0),A: Annual,2021,KI-8: Maiana,DD: Drilldown,ID000289: ID000289,NFAC: Number of facilities,1,N: units,,,,,Maiana HC,Community health centre,0.939959,173.041598,5,0,1,1,3,0,0,0,0,,Weekly,Yes,Yes,Yes,No,No,2
SPC:DF_HEALTH_FACILITIES(1.0),A: Annual,2021,KI-8: Maiana,DD: Drilldown,ID000290: ID000290,NFAC: Number of facilities,1,N: units,,,,,Tabontekeekee,Clinic,0.9696765,173.0545443,,,,,,,,,,,,,,,,,
SPC:DF_HEALTH_FACILITIES(1.0),A: Annual,2021,KI-8: Maiana,DD: Drilldown,ID000288: ID000288,NFAC: Number of facilities,1,N: units,,,,,Bubutei,Clinic,0.97,173.0635,4,0,0,1,3,0,0,0,0,593,As required,Yes,Yes,Yes,No,No,2
SPC:DF_HEALTH_FACILITIES(1.0),A: Annual,2021,KI-8: Maiana,DD: Drilldown,ID000287: ID000287,NFAC: Number of facilities,1,N: units,,,,,Aubike,Clinic,0.9847307,173.054192,,,,,,,,,,,,,,,,,
SPC:DF_HEALTH_FACILITIES(1.0),A: Annual,2021,KI-8: Maiana,DD: Drilldown,ID000291: ID000291,NFAC: Number of facilities,1,N: units,,,,,Tanimaeao,Clinic,0.919,173.023783,3,0,0,1,2,0,0,0,0,543,As required,Yes,Yes,Yes,No,No,3
SPC:DF_HEALTH_FACILITIES(1.0),A: Annual,2021,KI-8: Maiana,DD: Drilldown,ID000292: ID000292,NFAC: Number of facilities,1,N: units,,,,,Tebikerai,Clinic,1.016615,173.000783,2,0,0,1,1,0,0,0,0,99,As required,Yes,No,Yes,No,No,0
SPC:DF_HEALTH_FACILITIES(1.0),A: Annual,2021,KI-8: Maiana,DD: Drilldown,ID000293: ID000293,NFAC: Number of facilities,1,N: units,,,,,Tekaraanga,Clinic,0.997909,173.037443,5,0,1,1,3,0,0,0,0,478,Monthly,Yes,Yes,Yes,No,No,3
SPC:DF_HEALTH_FACILITIES(1.0),A: Annual,2021,KI-9: Abemama,DD: Drilldown,ID000265: ID000265,NFAC: Number of facilities,1,N: units,,,,,Mwanoku,Clinic,0.335926,173.938014,,,,,,,,,,,,,,,,,
SPC:DF_HEALTH_FACILITIES(1.0),A: Annual,2021,KI-9: Abemama,DD: Drilldown,ID000264: ID000264,NFAC: Number of facilities,1,N: units,,,,,Kabangaki,Clinic,0.31515941,173.931286,2,0,0,1,1,0,0,0,0,795,As required,Yes,Yes,Yes,No,No,3
SPC:DF_HEALTH_FACILITIES(1.0),A: Annual,2021,KI-9: Abemama,DD: Drilldown,ID000268: ID000268,NFAC: Number of facilities,1,N: units,,,,,Tekatirirake,Clinic,0.46797798,173.8647878,3,0,0,1,2,0,0,0,0,494,Other,Yes,Yes,Yes,No,No,2
SPC:DF_HEALTH_FACILITIES(1.0),A: Annual,2021,KI-9: Abemama,DD: Drilldown,ID000266: ID000266,NFAC: Number of facilities,1,N: units,,,,,Tabiang (Abemama),Clinic,0.48717642,173.8284747,3,0,0,1,2,0,0,0,0,649,Other,Yes,No,No,No,No,2
SPC:DF_HEALTH_FACILITIES(1.0),A: Annual,2021,KI-9: Abemama,DD: Drilldown,ID000267: ID000267,NFAC: Number of facilities,1,N: units,,,,,Tebwanga Dispensary,Clinic,0.35597032,173.9357191,3,0,0,1,2,0,0,0,0,,,,,,,,
SPC:DF_HEALTH_FACILITIES(1.0),A: Annual,2021,KI-9: Abemama,DD: Drilldown,ID000262: ID000262,NFAC: Number of facilities,1,N: units,,,,,Abemama Kariatebike H/C,Community health centre,0.40509883,173.9227206,7,0,2,2,3,0,0,0,0,3047,Weekly,Yes,Yes,No,No,No,0
SPC:DF_HEALTH_FACILITIES(1.0),A: Annual,2021,KI-9: Abemama,DD: Drilldown,ID000263: ID000263,NFAC: Number of facilities,1,N: units,,,,,Baretoa,Clinic,0.43440414,173.9017522,3,0,0,1,2,0,0,0,0,375,Monthly,Yes,No,Yes,No,No,1
SPC:DF_HEALTH_FACILITIES(1.0),A: Annual,2021,KI-9: Abemama,DD: Drilldown,ID000261: ID000261,NFAC: Number of facilities,1,N: units,,,,,Abatiku,Clinic,0.388868,173.7766082,3,0,1,1,1,0,0,0,0,,As required,Yes,Yes,No,No,No,1
